{
        "English": {
            "locale": ["en-US", "en-AU", "en-UK"],
            "files": {
                "filePath": "./English.json",
                "fileType": "json",
                "isAsync": false
            }
        },
        "Spanish": {
            "locale": "sp-SP",
            "files": {
                "filePath": "./Spanish.json",
                "fileType": "json",
                "isAsync": false
            }
        },
        "French": {
            "locale": "fr-FR",
            "files": {
                "filePath": "./French.json",
                "fileType": "json",
                "isAsync": false
            }
        }
}